google_gson,PUBLIC
thinkgem_jeesite,PUBLIC
dieforfree_qart4j,MAIN
square_moshi,PUBLIC
square_javapoet,PUBLIC
JakeWharton_DiskLruCache,PUBLIC
JakeWharton_RxRelay,PUBLIC
junit-team_junit,PUBLIC
junit-team_junit4,PUBLIC
eirslett_frontend-maven-plugin,PUBLIC
pagehelper_Mybatis-PageHelper,PUBLIC
JakeWharton_RxReplayingShare,PUBLIC
pedrovgs_Algorithms,PUBLIC
xtuhcy_gecco,PUBLIC
ata4_disunity,PUBLIC
mrniko_netty-socketio,PUBLIC
kevinsawicki_http-request,PUBLIC
apache_commons-lang,PUBLIC
sockeqwe_fragmentargs,PUBLIC
SAP_openui5,PUBLIC
aragozin_jvm-tools,MAIN
JCTools_JCTools,PUBLIC
JakeWharton_retrofit1-okhttp3-client,PUBLIC
dubboclub_dubbokeeper,MAIN
notnoop_java-apns,PUBLIC
junicorn_java-china,MAIN
qiujiayu_AutoLoadCache,PUBLIC
mabe02_lanterna,PUBLIC
Bukkit_Bukkit,PUBLIC
takari_maven-wrapper,MAIN
zeroturnaround_zt-zip,PUBLIC
liyiorg_weixin-popular,PUBLIC
tomighty_tomighty,MAIN
protostuff_protostuff,PUBLIC
alibaba_TProfiler,MAIN
